Time,id,S1.ConnEstSucc
21-03-2024 00:15,410001L001,84
21-03-2024 00:30,410001L001,44
21-03-2024 00:45,410001L001,44
21-03-2024 01:00,410001L001,49
21-03-2024 01:15,410001L001,56
21-03-2024 01:30,410001L001,55
21-03-2024 01:45,410001L001,50
21-03-2024 02:00,410001L001,61
21-03-2024 02:15,410001L001,53
21-03-2024 02:30,410001L001,46
21-03-2024 02:45,410001L001,65
21-03-2024 03:00,410001L001,75
21-03-2024 03:15,410001L001,49
21-03-2024 03:30,410001L001,60
21-03-2024 03:45,410001L001,51
21-03-2024 04:00,410001L001,55
21-03-2024 04:15,410001L001,52
21-03-2024 04:30,410001L001,43
21-03-2024 04:45,410001L001,51
21-03-2024 05:00,410001L001,53
21-03-2024 05:15,410001L001,56
21-03-2024 05:30,410001L001,50
21-03-2024 05:45,410001L001,49
21-03-2024 06:00,410001L001,49
21-03-2024 06:15,410001L001,53
21-03-2024 06:30,410001L001,58
21-03-2024 06:45,410001L001,78
21-03-2024 07:45,410001L001,0
21-03-2024 08:00,410001L001,78
21-03-2024 08:15,410001L001,97
21-03-2024 08:30,410001L001,70
21-03-2024 08:45,410001L001,94
21-03-2024 09:00,410001L001,126
21-03-2024 09:15,410001L001,98
21-03-2024 09:30,410001L001,85
21-03-2024 09:45,410001L001,116
21-03-2024 10:00,410001L001,105
21-03-2024 10:15,410001L001,106
21-03-2024 10:30,410001L001,128
21-03-2024 10:45,410001L001,155
21-03-2024 11:00,410001L001,130
21-03-2024 11:15,410001L001,157
21-03-2024 11:30,410001L001,143
21-03-2024 11:45,410001L001,109
21-03-2024 12:00,410001L001,142
21-03-2024 12:15,410001L001,159
21-03-2024 12:30,410001L001,130
21-03-2024 12:45,410001L001,178
21-03-2024 13:00,410001L001,134
21-03-2024 13:15,410001L001,128
21-03-2024 13:30,410001L001,155
21-03-2024 13:45,410001L001,132
21-03-2024 14:00,410001L001,162
21-03-2024 14:15,410001L001,115
21-03-2024 14:30,410001L001,147
21-03-2024 14:45,410001L001,121
21-03-2024 15:00,410001L001,110
21-03-2024 15:15,410001L001,106
21-03-2024 15:30,410001L001,101
21-03-2024 15:45,410001L001,137
21-03-2024 16:00,410001L001,102
21-03-2024 16:15,410001L001,110
21-03-2024 16:30,410001L001,89
21-03-2024 16:45,410001L001,99
21-03-2024 17:00,410001L001,88
21-03-2024 17:15,410001L001,124
21-03-2024 17:30,410001L001,95
21-03-2024 17:45,410001L001,110
21-03-2024 18:00,410001L001,81
21-03-2024 18:15,410001L001,122
21-03-2024 18:30,410001L001,107
21-03-2024 18:45,410001L001,73
21-03-2024 19:00,410001L001,65
21-03-2024 19:15,410001L001,127
21-03-2024 19:30,410001L001,92
21-03-2024 19:45,410001L001,111
21-03-2024 20:00,410001L001,122
21-03-2024 20:15,410001L001,126
21-03-2024 20:30,410001L001,104
21-03-2024 20:45,410001L001,100
21-03-2024 21:00,410001L001,126
21-03-2024 21:15,410001L001,96
21-03-2024 21:30,410001L001,88
21-03-2024 21:45,410001L001,79
21-03-2024 22:00,410001L001,88
21-03-2024 22:15,410001L001,61
21-03-2024 22:30,410001L001,59
21-03-2024 22:45,410001L001,49
21-03-2024 23:00,410001L001,39
21-03-2024 23:15,410001L001,36
21-03-2024 23:30,410001L001,53
21-03-2024 23:45,410001L001,42
22-03-2024 00:00,410001L001,41
22-03-2024 00:15,410001L001,52
22-03-2024 00:30,410001L001,41
22-03-2024 00:45,410001L001,48
22-03-2024 01:00,410001L001,38
22-03-2024 01:15,410001L001,54
22-03-2024 01:30,410001L001,34
22-03-2024 01:45,410001L001,47
22-03-2024 02:00,410001L001,50
22-03-2024 02:15,410001L001,49
22-03-2024 02:30,410001L001,46
22-03-2024 02:45,410001L001,45
22-03-2024 03:00,410001L001,32
22-03-2024 03:15,410001L001,39
22-03-2024 03:30,410001L001,33
22-03-2024 03:45,410001L001,35
22-03-2024 04:00,410001L001,34
22-03-2024 04:15,410001L001,40
22-03-2024 04:30,410001L001,33
22-03-2024 04:45,410001L001,31
22-03-2024 05:00,410001L001,39
22-03-2024 05:15,410001L001,42
22-03-2024 05:30,410001L001,29
22-03-2024 05:45,410001L001,30
22-03-2024 06:00,410001L001,28
22-03-2024 06:15,410001L001,35
22-03-2024 06:30,410001L001,28
22-03-2024 06:45,410001L001,39
22-03-2024 07:00,410001L001,27
22-03-2024 07:15,410001L001,45
22-03-2024 07:30,410001L001,37
22-03-2024 07:45,410001L001,45
22-03-2024 08:00,410001L001,55
22-03-2024 08:15,410001L001,52
22-03-2024 08:30,410001L001,48
22-03-2024 08:45,410001L001,62
22-03-2024 09:00,410001L001,81
22-03-2024 09:15,410001L001,53
22-03-2024 09:30,410001L001,53
22-03-2024 09:45,410001L001,86
22-03-2024 10:00,410001L001,124
22-03-2024 10:15,410001L001,82
22-03-2024 10:30,410001L001,108
22-03-2024 10:45,410001L001,98
22-03-2024 11:00,410001L001,103
22-03-2024 11:15,410001L001,105
22-03-2024 11:30,410001L001,82
22-03-2024 11:45,410001L001,116
22-03-2024 12:00,410001L001,109
22-03-2024 12:15,410001L001,118
22-03-2024 12:30,410001L001,80
22-03-2024 12:45,410001L001,102
22-03-2024 13:00,410001L001,120
22-03-2024 13:15,410001L001,114
22-03-2024 13:30,410001L001,92
22-03-2024 13:45,410001L001,121
22-03-2024 14:00,410001L001,136
22-03-2024 14:15,410001L001,112
22-03-2024 14:30,410001L001,116
22-03-2024 14:45,410001L001,149
22-03-2024 15:00,410001L001,105
22-03-2024 15:15,410001L001,103
22-03-2024 15:30,410001L001,100
22-03-2024 15:45,410001L001,160
22-03-2024 16:00,410001L001,87
22-03-2024 16:15,410001L001,105
22-03-2024 16:30,410001L001,88
22-03-2024 16:45,410001L001,133
22-03-2024 17:00,410001L001,95
22-03-2024 17:15,410001L001,77
22-03-2024 17:30,410001L001,112
22-03-2024 17:45,410001L001,86
22-03-2024 18:00,410001L001,115
22-03-2024 18:15,410001L001,110
22-03-2024 18:30,410001L001,81
22-03-2024 18:45,410001L001,96
22-03-2024 19:00,410001L001,129
22-03-2024 19:15,410001L001,93
22-03-2024 19:30,410001L001,96
22-03-2024 19:45,410001L001,96
22-03-2024 20:00,410001L001,133
22-03-2024 20:15,410001L001,120
22-03-2024 20:30,410001L001,110
22-03-2024 20:45,410001L001,142
22-03-2024 21:00,410001L001,115
22-03-2024 21:15,410001L001,146
22-03-2024 21:30,410001L001,89
22-03-2024 21:45,410001L001,146
22-03-2024 22:00,410001L001,92
22-03-2024 22:15,410001L001,104
22-03-2024 22:30,410001L001,83
22-03-2024 22:45,410001L001,63
22-03-2024 23:00,410001L001,109
22-03-2024 23:15,410001L001,90
22-03-2024 23:30,410001L001,86
22-03-2024 23:45,410001L001,75
23-03-2024 00:00,410001L001,73
23-03-2024 00:15,410001L001,80
23-03-2024 00:30,410001L001,66
23-03-2024 00:45,410001L001,60
23-03-2024 01:00,410001L001,67
23-03-2024 01:15,410001L001,61
23-03-2024 01:30,410001L001,45
23-03-2024 01:45,410001L001,54
23-03-2024 02:00,410001L001,38
23-03-2024 02:15,410001L001,43
23-03-2024 02:30,410001L001,46
23-03-2024 02:45,410001L001,52
23-03-2024 03:00,410001L001,36
23-03-2024 03:15,410001L001,44
23-03-2024 03:30,410001L001,49
23-03-2024 03:45,410001L001,55
23-03-2024 04:00,410001L001,39
23-03-2024 04:15,410001L001,50
23-03-2024 04:30,410001L001,45
23-03-2024 04:45,410001L001,45
23-03-2024 05:00,410001L001,31
23-03-2024 05:15,410001L001,58
23-03-2024 05:30,410001L001,60
23-03-2024 05:45,410001L001,48
23-03-2024 06:00,410001L001,65
23-03-2024 06:15,410001L001,66
23-03-2024 06:30,410001L001,82
23-03-2024 06:45,410001L001,79
23-03-2024 07:00,410001L001,113
23-03-2024 07:15,410001L001,121
23-03-2024 07:30,410001L001,123
23-03-2024 07:45,410001L001,11
23-03-2024 08:00,410001L001,0
23-03-2024 08:15,410001L001,282
23-03-2024 08:30,410001L001,405
23-03-2024 08:45,410001L001,402
23-03-2024 09:00,410001L001,406
23-03-2024 09:15,410001L001,376
23-03-2024 09:30,410001L001,373
23-03-2024 09:45,410001L001,394
23-03-2024 10:00,410001L001,372
23-03-2024 10:15,410001L001,308
23-03-2024 10:30,410001L001,378
23-03-2024 10:45,410001L001,385
23-03-2024 11:00,410001L001,374
23-03-2024 11:15,410001L001,384
23-03-2024 11:30,410001L001,377
23-03-2024 11:45,410001L001,358
23-03-2024 12:00,410001L001,391
23-03-2024 12:15,410001L001,375
23-03-2024 12:30,410001L001,421
23-03-2024 12:45,410001L001,387
23-03-2024 13:00,410001L001,385
23-03-2024 13:15,410001L001,454
23-03-2024 13:30,410001L001,433
23-03-2024 13:45,410001L001,381
23-03-2024 14:00,410001L001,332
23-03-2024 14:15,410001L001,223
23-03-2024 14:30,410001L001,236
23-03-2024 14:45,410001L001,415
23-03-2024 15:00,410001L001,396
23-03-2024 15:15,410001L001,437
23-03-2024 15:30,410001L001,381
23-03-2024 15:45,410001L001,382
23-03-2024 16:00,410001L001,411
23-03-2024 16:15,410001L001,394
23-03-2024 16:30,410001L001,394
23-03-2024 16:45,410001L001,445
23-03-2024 17:00,410001L001,397
23-03-2024 17:15,410001L001,425
23-03-2024 17:30,410001L001,476
23-03-2024 17:45,410001L001,483
23-03-2024 18:00,410001L001,443
23-03-2024 18:15,410001L001,392
23-03-2024 18:30,410001L001,214
23-03-2024 18:45,410001L001,185
23-03-2024 19:00,410001L001,155
23-03-2024 19:15,410001L001,178
23-03-2024 19:30,410001L001,151
23-03-2024 19:45,410001L001,124
23-03-2024 20:00,410001L001,162
23-03-2024 20:15,410001L001,116
23-03-2024 20:30,410001L001,126
23-03-2024 20:45,410001L001,122
23-03-2024 21:00,410001L001,118
23-03-2024 21:15,410001L001,145
23-03-2024 21:30,410001L001,97
23-03-2024 21:45,410001L001,90
23-03-2024 22:00,410001L001,91
23-03-2024 22:15,410001L001,81
23-03-2024 22:30,410001L001,91
23-03-2024 22:45,410001L001,86
23-03-2024 23:00,410001L001,81
23-03-2024 23:15,410001L001,71
23-03-2024 23:30,410001L001,64
23-03-2024 23:45,410001L001,56
24-03-2024 00:00,410001L001,63
24-03-2024 00:15,410001L001,75
24-03-2024 00:30,410001L001,76
24-03-2024 00:45,410001L001,75
24-03-2024 01:00,410001L001,59
24-03-2024 01:15,410001L001,58
24-03-2024 01:30,410001L001,57
24-03-2024 01:45,410001L001,46
24-03-2024 02:00,410001L001,54
24-03-2024 02:15,410001L001,41
24-03-2024 02:30,410001L001,49
24-03-2024 02:45,410001L001,48
24-03-2024 03:00,410001L001,49
24-03-2024 03:15,410001L001,44
24-03-2024 03:30,410001L001,53
24-03-2024 04:00,410001L001,0
24-03-2024 04:15,410001L001,41
24-03-2024 04:45,410001L001,75
24-03-2024 05:00,410001L001,43
24-03-2024 05:15,410001L001,41
24-03-2024 05:30,410001L001,44
24-03-2024 05:45,410001L001,40
24-03-2024 06:00,410001L001,59
24-03-2024 06:15,410001L001,70
24-03-2024 06:30,410001L001,55
24-03-2024 06:45,410001L001,73
24-03-2024 07:00,410001L001,67
24-03-2024 07:15,410001L001,95
24-03-2024 07:30,410001L001,97
24-03-2024 07:45,410001L001,153
24-03-2024 08:00,410001L001,266
24-03-2024 08:15,410001L001,293
24-03-2024 08:30,410001L001,314
24-03-2024 08:45,410001L001,392
24-03-2024 09:00,410001L001,405
24-03-2024 09:15,410001L001,373
24-03-2024 09:30,410001L001,347
24-03-2024 09:45,410001L001,284
24-03-2024 10:00,410001L001,325
24-03-2024 10:15,410001L001,316
24-03-2024 10:30,410001L001,356
24-03-2024 10:45,410001L001,302
24-03-2024 11:45,410001L001,0
24-03-2024 12:00,410001L001,318
24-03-2024 12:15,410001L001,374
24-03-2024 12:30,410001L001,368
24-03-2024 12:45,410001L001,350
24-03-2024 13:00,410001L001,319
24-03-2024 13:15,410001L001,352
24-03-2024 13:30,410001L001,351
24-03-2024 13:45,410001L001,340
24-03-2024 14:00,410001L001,388
24-03-2024 14:15,410001L001,305
24-03-2024 14:30,410001L001,185
24-03-2024 14:45,410001L001,250
24-03-2024 15:00,410001L001,351
24-03-2024 15:15,410001L001,421
24-03-2024 15:30,410001L001,334
24-03-2024 15:45,410001L001,319
24-03-2024 16:00,410001L001,342
24-03-2024 16:15,410001L001,319
24-03-2024 16:30,410001L001,255
24-03-2024 16:45,410001L001,308
24-03-2024 17:00,410001L001,401
24-03-2024 17:15,410001L001,306
24-03-2024 17:30,410001L001,273
24-03-2024 17:45,410001L001,291
24-03-2024 18:00,410001L001,371
24-03-2024 18:15,410001L001,333
24-03-2024 18:30,410001L001,336
24-03-2024 19:00,410001L001,646
24-03-2024 19:15,410001L001,350
24-03-2024 19:30,410001L001,321
24-03-2024 19:45,410001L001,298
24-03-2024 20:00,410001L001,236
24-03-2024 20:15,410001L001,225
24-03-2024 20:30,410001L001,198
24-03-2024 20:45,410001L001,172
24-03-2024 21:00,410001L001,139
24-03-2024 21:15,410001L001,132
24-03-2024 21:30,410001L001,121
24-03-2024 21:45,410001L001,141
24-03-2024 22:00,410001L001,113
24-03-2024 22:15,410001L001,126
24-03-2024 22:30,410001L001,106
24-03-2024 22:45,410001L001,94
24-03-2024 23:00,410001L001,78
24-03-2024 23:15,410001L001,72
24-03-2024 23:30,410001L001,94
24-03-2024 23:45,410001L001,74
25-03-2024 00:00,410001L001,91
25-03-2024 00:15,410001L001,74
25-03-2024 00:30,410001L001,65
25-03-2024 00:45,410001L001,65
25-03-2024 01:00,410001L001,63
25-03-2024 01:15,410001L001,42
25-03-2024 01:30,410001L001,38
25-03-2024 01:45,410001L001,65
25-03-2024 02:00,410001L001,61
25-03-2024 02:15,410001L001,61
25-03-2024 02:30,410001L001,54
25-03-2024 02:45,410001L001,47
25-03-2024 03:00,410001L001,61
25-03-2024 03:15,410001L001,64
25-03-2024 03:30,410001L001,56
25-03-2024 03:45,410001L001,44
25-03-2024 04:00,410001L001,41
25-03-2024 04:15,410001L001,45
25-03-2024 04:30,410001L001,49
25-03-2024 04:45,410001L001,46
25-03-2024 05:00,410001L001,48
25-03-2024 05:15,410001L001,37
25-03-2024 05:30,410001L001,43
25-03-2024 05:45,410001L001,36
25-03-2024 06:00,410001L001,47
25-03-2024 06:15,410001L001,41
25-03-2024 06:30,410001L001,50
25-03-2024 06:45,410001L001,44
25-03-2024 07:00,410001L001,90
25-03-2024 07:15,410001L001,82
25-03-2024 07:30,410001L001,87
25-03-2024 07:45,410001L001,100
25-03-2024 08:00,410001L001,158
25-03-2024 08:15,410001L001,146
25-03-2024 08:30,410001L001,228
25-03-2024 08:45,410001L001,251
25-03-2024 09:00,410001L001,211
25-03-2024 09:15,410001L001,205
25-03-2024 09:45,410001L001,514
25-03-2024 10:00,410001L001,230
25-03-2024 10:15,410001L001,241
25-03-2024 10:30,410001L001,234
25-03-2024 10:45,410001L001,226
25-03-2024 11:00,410001L001,247
25-03-2024 11:15,410001L001,210
25-03-2024 11:30,410001L001,237
25-03-2024 11:45,410001L001,260
25-03-2024 12:15,410001L001,436
25-03-2024 12:30,410001L001,237
25-03-2024 13:00,410001L001,489
25-03-2024 13:15,410001L001,153
25-03-2024 13:30,410001L001,188
25-03-2024 13:45,410001L001,201
25-03-2024 14:00,410001L001,239
25-03-2024 14:15,410001L001,232
25-03-2024 14:30,410001L001,307
25-03-2024 14:45,410001L001,283
25-03-2024 15:00,410001L001,279
25-03-2024 15:15,410001L001,274
25-03-2024 15:30,410001L001,238
25-03-2024 16:00,410001L001,482
25-03-2024 16:15,410001L001,235
25-03-2024 16:30,410001L001,264
25-03-2024 16:45,410001L001,233
25-03-2024 17:00,410001L001,216
25-03-2024 17:15,410001L001,218
25-03-2024 17:30,410001L001,244
25-03-2024 17:45,410001L001,188
25-03-2024 18:00,410001L001,253
25-03-2024 18:15,410001L001,268
25-03-2024 18:30,410001L001,228
25-03-2024 18:45,410001L001,210
25-03-2024 19:00,410001L001,237
25-03-2024 19:15,410001L001,176
25-03-2024 19:30,410001L001,157
25-03-2024 19:45,410001L001,167
25-03-2024 20:00,410001L001,244
25-03-2024 20:15,410001L001,207
25-03-2024 20:30,410001L001,181
25-03-2024 20:45,410001L001,201
25-03-2024 21:00,410001L001,159
25-03-2024 21:15,410001L001,121
25-03-2024 21:30,410001L001,136
25-03-2024 21:45,410001L001,108
25-03-2024 22:00,410001L001,113
25-03-2024 22:15,410001L001,101
25-03-2024 22:30,410001L001,94
25-03-2024 22:45,410001L001,83
25-03-2024 23:00,410001L001,76
25-03-2024 23:15,410001L001,94
25-03-2024 23:30,410001L001,75
25-03-2024 23:45,410001L001,54
26-03-2024 00:00,410001L001,57
26-03-2024 00:15,410001L001,41
26-03-2024 00:30,410001L001,59
26-03-2024 00:45,410001L001,44
26-03-2024 01:00,410001L001,29
26-03-2024 01:15,410001L001,33
26-03-2024 01:30,410001L001,34
26-03-2024 01:45,410001L001,27
26-03-2024 02:00,410001L001,33
26-03-2024 02:30,410001L001,0
26-03-2024 03:00,410001L001,261
26-03-2024 03:15,410001L001,154
26-03-2024 03:30,410001L001,127
26-03-2024 03:45,410001L001,202
26-03-2024 04:00,410001L001,185
26-03-2024 04:15,410001L001,151
26-03-2024 04:30,410001L001,183
26-03-2024 04:45,410001L001,162
26-03-2024 05:00,410001L001,169
26-03-2024 05:15,410001L001,158
26-03-2024 05:30,410001L001,166
26-03-2024 05:45,410001L001,147
26-03-2024 06:00,410001L001,148
26-03-2024 06:15,410001L001,161
26-03-2024 06:30,410001L001,156
26-03-2024 06:45,410001L001,181
26-03-2024 07:00,410001L001,199
26-03-2024 07:15,410001L001,205
26-03-2024 07:30,410001L001,265
26-03-2024 07:45,410001L001,288
26-03-2024 08:00,410001L001,324
26-03-2024 08:15,410001L001,392
26-03-2024 08:30,410001L001,241
26-03-2024 08:45,410001L001,243
26-03-2024 09:00,410001L001,340
26-03-2024 09:15,410001L001,271
26-03-2024 09:30,410001L001,293
26-03-2024 09:45,410001L001,302
26-03-2024 10:00,410001L001,249
26-03-2024 10:15,410001L001,256
26-03-2024 10:30,410001L001,305
26-03-2024 10:45,410001L001,288
26-03-2024 11:00,410001L001,352
26-03-2024 11:15,410001L001,322
26-03-2024 11:30,410001L001,298
26-03-2024 11:45,410001L001,334
26-03-2024 12:00,410001L001,317
26-03-2024 12:15,410001L001,335
26-03-2024 12:30,410001L001,326
26-03-2024 12:45,410001L001,345
26-03-2024 13:00,410001L001,365
26-03-2024 13:15,410001L001,308
26-03-2024 13:30,410001L001,291
26-03-2024 13:45,410001L001,371
26-03-2024 14:00,410001L001,343
26-03-2024 14:15,410001L001,342
26-03-2024 14:30,410001L001,276
26-03-2024 14:45,410001L001,386
26-03-2024 15:00,410001L001,324
26-03-2024 15:15,410001L001,213
26-03-2024 15:30,410001L001,254
26-03-2024 15:45,410001L001,297
26-03-2024 16:00,410001L001,324
26-03-2024 16:15,410001L001,376
26-03-2024 16:30,410001L001,298
26-03-2024 16:45,410001L001,274
26-03-2024 17:00,410001L001,343
26-03-2024 17:15,410001L001,263
26-03-2024 17:45,410001L001,575
26-03-2024 18:00,410001L001,256
26-03-2024 18:15,410001L001,318
26-03-2024 18:30,410001L001,247
26-03-2024 18:45,410001L001,225
26-03-2024 19:00,410001L001,282
26-03-2024 19:15,410001L001,317
26-03-2024 19:30,410001L001,329
26-03-2024 19:45,410001L001,237
26-03-2024 20:00,410001L001,266
26-03-2024 20:15,410001L001,288
26-03-2024 20:30,410001L001,363
26-03-2024 20:45,410001L001,270
26-03-2024 21:00,410001L001,251
26-03-2024 21:15,410001L001,290
26-03-2024 21:30,410001L001,309
26-03-2024 21:45,410001L001,197
26-03-2024 22:00,410001L001,174
26-03-2024 22:15,410001L001,203
26-03-2024 22:30,410001L001,234
26-03-2024 22:45,410001L001,217
26-03-2024 23:00,410001L001,168
26-03-2024 23:15,410001L001,170
26-03-2024 23:30,410001L001,129
26-03-2024 23:45,410001L001,141
27-03-2024 00:00,410001L001,167
27-03-2024 00:15,410001L001,231
27-03-2024 00:30,410001L001,180
27-03-2024 00:45,410001L001,202
27-03-2024 01:00,410001L001,193
27-03-2024 01:15,410001L001,199
27-03-2024 01:30,410001L001,240
27-03-2024 01:45,410001L001,267
27-03-2024 02:00,410001L001,236
27-03-2024 02:15,410001L001,263
27-03-2024 02:30,410001L001,264
27-03-2024 02:45,410001L001,236
27-03-2024 03:00,410001L001,204
27-03-2024 03:15,410001L001,258
27-03-2024 03:30,410001L001,286
27-03-2024 03:45,410001L001,237
27-03-2024 04:00,410001L001,241
27-03-2024 04:15,410001L001,214
27-03-2024 04:30,410001L001,209
27-03-2024 04:45,410001L001,182
27-03-2024 05:00,410001L001,176
27-03-2024 05:15,410001L001,229
27-03-2024 05:30,410001L001,203
27-03-2024 05:45,410001L001,80
27-03-2024 06:00,410001L001,128
27-03-2024 06:15,410001L001,81
27-03-2024 06:30,410001L001,149
27-03-2024 06:45,410001L001,168
27-03-2024 07:00,410001L001,105
27-03-2024 07:15,410001L001,97
27-03-2024 07:30,410001L001,88
27-03-2024 07:45,410001L001,141
27-03-2024 08:00,410001L001,186
27-03-2024 08:15,410001L001,169
27-03-2024 08:30,410001L001,203
27-03-2024 08:45,410001L001,242
27-03-2024 09:00,410001L001,279
27-03-2024 09:15,410001L001,325
27-03-2024 09:30,410001L001,275
27-03-2024 09:45,410001L001,235
27-03-2024 10:00,410001L001,282
27-03-2024 10:15,410001L001,257
27-03-2024 10:30,410001L001,261
27-03-2024 10:45,410001L001,262
27-03-2024 11:00,410001L001,266
27-03-2024 11:15,410001L001,272
27-03-2024 11:30,410001L001,282
27-03-2024 11:45,410001L001,272
27-03-2024 12:00,410001L001,262
27-03-2024 12:15,410001L001,278
27-03-2024 12:30,410001L001,178
27-03-2024 12:45,410001L001,285
27-03-2024 13:00,410001L001,301
27-03-2024 13:15,410001L001,357
27-03-2024 13:30,410001L001,303
27-03-2024 13:45,410001L001,335
27-03-2024 14:00,410001L001,362
27-03-2024 14:15,410001L001,307
27-03-2024 14:30,410001L001,299
27-03-2024 14:45,410001L001,276
27-03-2024 15:00,410001L001,308
27-03-2024 15:15,410001L001,438
27-03-2024 15:30,410001L001,336
27-03-2024 15:45,410001L001,331
27-03-2024 16:00,410001L001,276
27-03-2024 16:15,410001L001,285
27-03-2024 16:30,410001L001,244
27-03-2024 16:45,410001L001,301
27-03-2024 17:00,410001L001,193
27-03-2024 17:15,410001L001,208
27-03-2024 17:30,410001L001,222
27-03-2024 17:45,410001L001,168
27-03-2024 18:00,410001L001,218
27-03-2024 18:15,410001L001,202
27-03-2024 18:30,410001L001,179
27-03-2024 18:45,410001L001,152
27-03-2024 19:00,410001L001,219
27-03-2024 19:15,410001L001,226
27-03-2024 19:30,410001L001,215
27-03-2024 19:45,410001L001,168
27-03-2024 20:00,410001L001,165
27-03-2024 20:15,410001L001,174
27-03-2024 20:30,410001L001,158
27-03-2024 20:45,410001L001,162
27-03-2024 21:00,410001L001,152
27-03-2024 21:15,410001L001,177
27-03-2024 21:30,410001L001,262
27-03-2024 21:45,410001L001,286
27-03-2024 22:00,410001L001,198
27-03-2024 22:15,410001L001,220
27-03-2024 22:30,410001L001,252
27-03-2024 22:45,410001L001,141
27-03-2024 23:00,410001L001,96
27-03-2024 23:15,410001L001,120
27-03-2024 23:30,410001L001,148
27-03-2024 23:45,410001L001,79
28-03-2024 00:00,410001L001,174
28-03-2024 00:15,410001L001,158
28-03-2024 00:30,410001L001,0
28-03-2024 00:48,410001L001,107
28-03-2024 00:51,410001L001,29
28-03-2024 01:00,410001L001,82
28-03-2024 01:15,410001L001,66
28-03-2024 01:30,410001L001,81
28-03-2024 01:45,410001L001,90
28-03-2024 02:00,410001L001,87
28-03-2024 02:15,410001L001,130
28-03-2024 02:30,410001L001,113
28-03-2024 02:45,410001L001,202
28-03-2024 03:00,410001L001,153
28-03-2024 03:15,410001L001,112
28-03-2024 03:30,410001L001,102
28-03-2024 03:45,410001L001,95
28-03-2024 04:00,410001L001,87
28-03-2024 04:15,410001L001,32
28-03-2024 04:30,410001L001,85
28-03-2024 04:45,410001L001,103
28-03-2024 05:00,410001L001,96
28-03-2024 05:15,410001L001,115
28-03-2024 05:30,410001L001,125
28-03-2024 05:45,410001L001,100
28-03-2024 06:00,410001L001,122
28-03-2024 06:15,410001L001,156
28-03-2024 06:30,410001L001,144
28-03-2024 06:45,410001L001,144
28-03-2024 07:00,410001L001,71
28-03-2024 07:15,410001L001,95
28-03-2024 07:30,410001L001,41
28-03-2024 07:45,410001L001,63
28-03-2024 08:00,410001L001,205
28-03-2024 08:15,410001L001,79
28-03-2024 08:30,410001L001,118
28-03-2024 08:45,410001L001,143
28-03-2024 09:00,410001L001,135
28-03-2024 09:15,410001L001,101
28-03-2024 09:30,410001L001,97
28-03-2024 09:45,410001L001,145
28-03-2024 10:00,410001L001,190
28-03-2024 10:15,410001L001,237
28-03-2024 10:30,410001L001,161
28-03-2024 10:45,410001L001,100
28-03-2024 11:00,410001L001,159
28-03-2024 11:15,410001L001,125
28-03-2024 11:30,410001L001,144
28-03-2024 11:45,410001L001,152
28-03-2024 12:00,410001L001,188
28-03-2024 12:15,410001L001,125
28-03-2024 12:30,410001L001,184
28-03-2024 12:45,410001L001,148
28-03-2024 13:00,410001L001,165
28-03-2024 13:15,410001L001,195
28-03-2024 13:30,410001L001,161
28-03-2024 13:45,410001L001,212
28-03-2024 14:00,410001L001,182
28-03-2024 14:15,410001L001,199
28-03-2024 14:30,410001L001,234
28-03-2024 14:45,410001L001,197
28-03-2024 15:00,410001L001,200
28-03-2024 15:15,410001L001,174
28-03-2024 15:30,410001L001,189
28-03-2024 15:45,410001L001,178
28-03-2024 16:00,410001L001,204
28-03-2024 16:15,410001L001,192
28-03-2024 16:30,410001L001,163
28-03-2024 16:45,410001L001,153
28-03-2024 17:00,410001L001,149
28-03-2024 17:15,410001L001,151
28-03-2024 17:30,410001L001,132
28-03-2024 17:45,410001L001,158
28-03-2024 18:00,410001L001,118
28-03-2024 18:15,410001L001,163
28-03-2024 18:30,410001L001,147
28-03-2024 18:45,410001L001,136
28-03-2024 19:00,410001L001,185
28-03-2024 19:15,410001L001,173
28-03-2024 19:30,410001L001,169
28-03-2024 19:45,410001L001,194
28-03-2024 20:00,410001L001,149
28-03-2024 20:15,410001L001,176
28-03-2024 20:30,410001L001,125
28-03-2024 20:45,410001L001,102
28-03-2024 21:00,410001L001,99
28-03-2024 21:15,410001L001,136
28-03-2024 21:30,410001L001,168
28-03-2024 21:45,410001L001,134
28-03-2024 22:00,410001L001,125
28-03-2024 22:15,410001L001,155
28-03-2024 22:30,410001L001,152
28-03-2024 22:45,410001L001,175
28-03-2024 23:00,410001L001,194
28-03-2024 23:15,410001L001,251
28-03-2024 23:30,410001L001,143
28-03-2024 23:45,410001L001,152
29-03-2024 00:00,410001L001,141
29-03-2024 00:15,410001L001,141
29-03-2024 00:30,410001L001,130
29-03-2024 00:45,410001L001,95
29-03-2024 01:00,410001L001,140
29-03-2024 01:15,410001L001,150
29-03-2024 01:30,410001L001,127
29-03-2024 01:45,410001L001,134
29-03-2024 02:16,410001L001,0
29-03-2024 02:30,410001L001,104
29-03-2024 02:45,410001L001,178
29-03-2024 03:00,410001L001,169
29-03-2024 03:15,410001L001,164
29-03-2024 03:30,410001L001,140
29-03-2024 03:45,410001L001,124
29-03-2024 04:00,410001L001,143
29-03-2024 04:15,410001L001,138
29-03-2024 04:30,410001L001,129
29-03-2024 04:45,410001L001,145
29-03-2024 05:00,410001L001,143
29-03-2024 05:15,410001L001,168
29-03-2024 05:30,410001L001,154
29-03-2024 05:45,410001L001,196
29-03-2024 06:00,410001L001,189
29-03-2024 06:15,410001L001,171
29-03-2024 06:30,410001L001,134
29-03-2024 06:45,410001L001,135
29-03-2024 07:00,410001L001,181
29-03-2024 07:15,410001L001,180
29-03-2024 07:30,410001L001,136
29-03-2024 07:45,410001L001,230
29-03-2024 10:00,410001L001,0
29-03-2024 10:30,410001L001,184
29-03-2024 10:45,410001L001,110
29-03-2024 11:00,410001L001,104
29-03-2024 11:15,410001L001,142
29-03-2024 11:30,410001L001,155
29-03-2024 11:45,410001L001,133
29-03-2024 12:00,410001L001,80
29-03-2024 12:15,410001L001,122
29-03-2024 12:30,410001L001,125
29-03-2024 12:45,410001L001,133
29-03-2024 13:00,410001L001,147
29-03-2024 13:15,410001L001,173
29-03-2024 13:30,410001L001,164
29-03-2024 13:45,410001L001,157
29-03-2024 14:00,410001L001,211
29-03-2024 14:15,410001L001,205
29-03-2024 14:30,410001L001,149
29-03-2024 14:45,410001L001,132
29-03-2024 15:00,410001L001,160
29-03-2024 15:15,410001L001,173
29-03-2024 15:30,410001L001,129
29-03-2024 15:45,410001L001,97
29-03-2024 16:00,410001L001,99
29-03-2024 16:15,410001L001,107
29-03-2024 16:30,410001L001,80
29-03-2024 16:45,410001L001,112
29-03-2024 17:00,410001L001,102
29-03-2024 17:15,410001L001,108
29-03-2024 17:30,410001L001,76
29-03-2024 17:45,410001L001,88
29-03-2024 18:00,410001L001,150
29-03-2024 18:15,410001L001,152
29-03-2024 18:30,410001L001,114
29-03-2024 18:45,410001L001,178
29-03-2024 19:00,410001L001,178
29-03-2024 19:15,410001L001,158
29-03-2024 19:30,410001L001,120
29-03-2024 19:45,410001L001,155
29-03-2024 20:00,410001L001,216
29-03-2024 20:15,410001L001,153
29-03-2024 20:30,410001L001,179
29-03-2024 20:45,410001L001,134
29-03-2024 21:00,410001L001,197
29-03-2024 21:15,410001L001,175
29-03-2024 21:30,410001L001,193
29-03-2024 21:45,410001L001,127
29-03-2024 22:00,410001L001,111
29-03-2024 22:15,410001L001,102
29-03-2024 22:30,410001L001,82
29-03-2024 22:45,410001L001,108
29-03-2024 23:00,410001L001,151
29-03-2024 23:15,410001L001,139
29-03-2024 23:30,410001L001,132
29-03-2024 23:45,410001L001,88
30-03-2024 00:00,410001L001,78
30-03-2024 00:15,410001L001,82
30-03-2024 00:30,410001L001,63
30-03-2024 00:45,410001L001,83
30-03-2024 01:00,410001L001,117
30-03-2024 01:15,410001L001,113
30-03-2024 01:30,410001L001,151
30-03-2024 01:45,410001L001,142
30-03-2024 02:00,410001L001,138
30-03-2024 02:15,410001L001,141
30-03-2024 02:30,410001L001,136
30-03-2024 02:45,410001L001,134
30-03-2024 03:00,410001L001,103
30-03-2024 03:15,410001L001,146
30-03-2024 03:30,410001L001,140
30-03-2024 03:45,410001L001,145
30-03-2024 04:00,410001L001,146
30-03-2024 04:15,410001L001,144
30-03-2024 04:30,410001L001,137
30-03-2024 04:45,410001L001,134
30-03-2024 05:00,410001L001,140
30-03-2024 05:15,410001L001,60
30-03-2024 05:30,410001L001,143
30-03-2024 05:45,410001L001,133
30-03-2024 06:00,410001L001,99
30-03-2024 06:15,410001L001,118
30-03-2024 06:30,410001L001,87
30-03-2024 06:45,410001L001,76
30-03-2024 07:00,410001L001,74
30-03-2024 07:15,410001L001,136
30-03-2024 07:30,410001L001,115
30-03-2024 07:45,410001L001,135
30-03-2024 08:00,410001L001,134
30-03-2024 08:15,410001L001,156
30-03-2024 08:30,410001L001,153
30-03-2024 08:45,410001L001,190
30-03-2024 09:00,410001L001,202
30-03-2024 09:15,410001L001,186
30-03-2024 09:30,410001L001,231
30-03-2024 09:45,410001L001,334
30-03-2024 10:00,410001L001,297
30-03-2024 10:15,410001L001,192
30-03-2024 10:30,410001L001,212
30-03-2024 10:45,410001L001,263
30-03-2024 11:00,410001L001,305
30-03-2024 11:15,410001L001,296
30-03-2024 11:30,410001L001,203
30-03-2024 11:45,410001L001,246
30-03-2024 12:00,410001L001,278
30-03-2024 12:15,410001L001,249
30-03-2024 12:30,410001L001,200
30-03-2024 12:45,410001L001,231
30-03-2024 13:00,410001L001,230
30-03-2024 13:15,410001L001,162
30-03-2024 13:30,410001L001,134
30-03-2024 13:45,410001L001,179
30-03-2024 14:00,410001L001,222
30-03-2024 14:15,410001L001,192
30-03-2024 14:30,410001L001,254
30-03-2024 14:45,410001L001,188
30-03-2024 15:00,410001L001,204
30-03-2024 15:15,410001L001,250
30-03-2024 15:30,410001L001,222
30-03-2024 15:45,410001L001,222
30-03-2024 16:00,410001L001,247
30-03-2024 16:15,410001L001,188
30-03-2024 16:30,410001L001,268
30-03-2024 16:45,410001L001,225
30-03-2024 17:00,410001L001,298
30-03-2024 17:15,410001L001,232
30-03-2024 17:30,410001L001,206
30-03-2024 17:45,410001L001,252
30-03-2024 18:00,410001L001,215
30-03-2024 18:15,410001L001,172
30-03-2024 18:30,410001L001,187
30-03-2024 18:45,410001L001,201
30-03-2024 19:00,410001L001,218
30-03-2024 19:15,410001L001,163
30-03-2024 19:30,410001L001,202
30-03-2024 19:45,410001L001,171
30-03-2024 20:00,410001L001,139
30-03-2024 20:15,410001L001,114
30-03-2024 20:30,410001L001,95
30-03-2024 20:45,410001L001,124
30-03-2024 21:00,410001L001,128
30-03-2024 21:15,410001L001,74
30-03-2024 21:30,410001L001,82
30-03-2024 21:45,410001L001,68
30-03-2024 22:00,410001L001,59
30-03-2024 22:15,410001L001,60
30-03-2024 22:30,410001L001,74
30-03-2024 22:45,410001L001,86
30-03-2024 23:00,410001L001,88
30-03-2024 23:15,410001L001,127
30-03-2024 23:30,410001L001,78
30-03-2024 23:45,410001L001,155
31-03-2024 00:00,410001L001,74
31-03-2024 00:15,410001L001,38
31-03-2024 00:30,410001L001,68
31-03-2024 00:45,410001L001,122
31-03-2024 01:00,410001L001,182
31-03-2024 01:15,410001L001,250
31-03-2024 01:30,410001L001,181
31-03-2024 01:45,410001L001,216
31-03-2024 02:00,410001L001,185
31-03-2024 02:15,410001L001,169
31-03-2024 02:30,410001L001,88
31-03-2024 02:45,410001L001,79
31-03-2024 03:00,410001L001,94
31-03-2024 03:15,410001L001,117
31-03-2024 03:30,410001L001,120
31-03-2024 03:45,410001L001,112
31-03-2024 04:00,410001L001,119
31-03-2024 04:15,410001L001,164
31-03-2024 04:30,410001L001,164
31-03-2024 04:45,410001L001,154
31-03-2024 05:00,410001L001,108
31-03-2024 05:15,410001L001,155
31-03-2024 05:30,410001L001,165
31-03-2024 05:45,410001L001,157
31-03-2024 06:00,410001L001,140
31-03-2024 06:15,410001L001,79
31-03-2024 06:30,410001L001,104
31-03-2024 06:45,410001L001,211
31-03-2024 07:00,410001L001,176
31-03-2024 07:15,410001L001,126
31-03-2024 07:30,410001L001,100
31-03-2024 07:45,410001L001,228
31-03-2024 08:00,410001L001,174
31-03-2024 08:15,410001L001,229
31-03-2024 08:30,410001L001,251
31-03-2024 08:45,410001L001,264
31-03-2024 09:00,410001L001,206
31-03-2024 09:15,410001L001,276
31-03-2024 09:30,410001L001,244
31-03-2024 09:45,410001L001,291
31-03-2024 10:00,410001L001,257
31-03-2024 10:15,410001L001,196
31-03-2024 10:30,410001L001,215
31-03-2024 10:45,410001L001,232
31-03-2024 11:00,410001L001,281
31-03-2024 11:15,410001L001,198
31-03-2024 11:30,410001L001,181
31-03-2024 11:45,410001L001,178
31-03-2024 12:00,410001L001,213
31-03-2024 12:15,410001L001,251
31-03-2024 12:30,410001L001,208
31-03-2024 12:45,410001L001,308
31-03-2024 13:00,410001L001,201
31-03-2024 13:15,410001L001,238
31-03-2024 13:30,410001L001,177
31-03-2024 13:45,410001L001,149
31-03-2024 14:00,410001L001,218
31-03-2024 14:15,410001L001,165
31-03-2024 14:30,410001L001,202
31-03-2024 14:45,410001L001,185
31-03-2024 15:00,410001L001,191
31-03-2024 15:15,410001L001,195
31-03-2024 15:30,410001L001,200
31-03-2024 15:45,410001L001,224
31-03-2024 16:00,410001L001,226
31-03-2024 16:15,410001L001,225
31-03-2024 16:30,410001L001,223
31-03-2024 16:45,410001L001,286
31-03-2024 17:00,410001L001,213
31-03-2024 17:15,410001L001,231
31-03-2024 17:30,410001L001,216
31-03-2024 17:45,410001L001,188
31-03-2024 18:00,410001L001,212
31-03-2024 18:15,410001L001,275
31-03-2024 18:30,410001L001,221
31-03-2024 18:45,410001L001,193
31-03-2024 19:00,410001L001,186
31-03-2024 19:15,410001L001,254
31-03-2024 19:30,410001L001,209
31-03-2024 19:45,410001L001,227
31-03-2024 20:00,410001L001,254
31-03-2024 20:15,410001L001,168
31-03-2024 20:30,410001L001,133
31-03-2024 20:45,410001L001,18
01-04-2024 17:15,410001L001,105
01-04-2024 17:30,410001L001,129
01-04-2024 17:45,410001L001,161
01-04-2024 18:00,410001L001,158
01-04-2024 18:15,410001L001,175
01-04-2024 18:30,410001L001,121
01-04-2024 18:45,410001L001,169
01-04-2024 19:00,410001L001,141
01-04-2024 19:15,410001L001,132
01-04-2024 19:30,410001L001,156
01-04-2024 19:45,410001L001,140
01-04-2024 20:00,410001L001,149
01-04-2024 20:15,410001L001,114
01-04-2024 20:30,410001L001,112
01-04-2024 20:45,410001L001,110
01-04-2024 21:00,410001L001,75
01-04-2024 21:15,410001L001,81
01-04-2024 21:30,410001L001,75
01-04-2024 21:45,410001L001,57
01-04-2024 22:00,410001L001,59
01-04-2024 22:15,410001L001,56
01-04-2024 22:30,410001L001,53
01-04-2024 22:45,410001L001,61
01-04-2024 23:00,410001L001,55
01-04-2024 23:15,410001L001,59
01-04-2024 23:30,410001L001,39
01-04-2024 23:45,410001L001,44
02-04-2024 00:00,410001L001,42
02-04-2024 00:15,410001L001,24
02-04-2024 00:30,410001L001,35
02-04-2024 00:45,410001L001,30
02-04-2024 01:00,410001L001,36
02-04-2024 01:15,410001L001,32
02-04-2024 01:30,410001L001,33
02-04-2024 01:45,410001L001,28
02-04-2024 02:00,410001L001,19
02-04-2024 02:15,410001L001,26
02-04-2024 02:30,410001L001,26
02-04-2024 02:45,410001L001,26
02-04-2024 03:00,410001L001,30
02-04-2024 03:15,410001L001,26
02-04-2024 03:30,410001L001,28
02-04-2024 03:45,410001L001,16
02-04-2024 04:00,410001L001,33
02-04-2024 04:15,410001L001,29
02-04-2024 04:30,410001L001,26
02-04-2024 04:45,410001L001,39
02-04-2024 05:00,410001L001,25
02-04-2024 05:15,410001L001,21
02-04-2024 05:30,410001L001,30
02-04-2024 05:45,410001L001,22
02-04-2024 06:00,410001L001,29
02-04-2024 06:15,410001L001,16
02-04-2024 06:30,410001L001,24
02-04-2024 06:45,410001L001,21
02-04-2024 07:00,410001L001,26
02-04-2024 07:15,410001L001,23
02-04-2024 07:30,410001L001,21
02-04-2024 07:45,410001L001,20
02-04-2024 08:00,410001L001,33
02-04-2024 08:15,410001L001,29
02-04-2024 08:30,410001L001,29
02-04-2024 08:45,410001L001,26
02-04-2024 09:00,410001L001,46
02-04-2024 09:15,410001L001,72
02-04-2024 09:30,410001L001,71
02-04-2024 09:45,410001L001,74
02-04-2024 10:00,410001L001,65
02-04-2024 10:15,410001L001,70
02-04-2024 10:30,410001L001,53
02-04-2024 10:45,410001L001,44
02-04-2024 11:00,410001L001,73
02-04-2024 11:15,410001L001,59
02-04-2024 11:30,410001L001,53
02-04-2024 11:45,410001L001,55
02-04-2024 12:00,410001L001,63
02-04-2024 12:15,410001L001,74
02-04-2024 12:30,410001L001,73
02-04-2024 12:45,410001L001,82
02-04-2024 13:00,410001L001,40
02-04-2024 13:15,410001L001,71
02-04-2024 13:30,410001L001,63
02-04-2024 13:45,410001L001,46
02-04-2024 14:00,410001L001,54
02-04-2024 14:15,410001L001,47
02-04-2024 14:30,410001L001,59
02-04-2024 14:45,410001L001,43
02-04-2024 15:00,410001L001,50
02-04-2024 15:15,410001L001,46
02-04-2024 15:30,410001L001,57
02-04-2024 15:45,410001L001,56
02-04-2024 16:00,410001L001,73
02-04-2024 16:15,410001L001,59
02-04-2024 16:30,410001L001,69
02-04-2024 16:45,410001L001,53
02-04-2024 17:00,410001L001,64
02-04-2024 17:15,410001L001,54
02-04-2024 17:30,410001L001,61
02-04-2024 17:45,410001L001,54
02-04-2024 18:00,410001L001,54
02-04-2024 18:15,410001L001,63
02-04-2024 18:30,410001L001,49
02-04-2024 18:45,410001L001,72
02-04-2024 19:00,410001L001,55
02-04-2024 19:15,410001L001,57
02-04-2024 19:30,410001L001,58
02-04-2024 19:45,410001L001,56
02-04-2024 20:00,410001L001,73
02-04-2024 20:15,410001L001,94
02-04-2024 20:30,410001L001,55
02-04-2024 20:45,410001L001,71
02-04-2024 21:00,410001L001,52
02-04-2024 21:15,410001L001,55
02-04-2024 21:30,410001L001,41
02-04-2024 21:45,410001L001,36
02-04-2024 22:00,410001L001,33
02-04-2024 22:15,410001L001,41
02-04-2024 22:30,410001L001,23
02-04-2024 22:45,410001L001,19
02-04-2024 23:00,410001L001,29
02-04-2024 23:15,410001L001,27
02-04-2024 23:30,410001L001,13
02-04-2024 23:45,410001L001,29
03-04-2024 00:00,410001L001,24
03-04-2024 00:15,410001L001,9
03-04-2024 00:30,410001L001,13
03-04-2024 00:45,410001L001,9
03-04-2024 01:00,410001L001,16
03-04-2024 01:15,410001L001,18
03-04-2024 01:30,410001L001,15
03-04-2024 01:45,410001L001,10
03-04-2024 02:00,410001L001,16
03-04-2024 02:15,410001L001,5
03-04-2024 02:30,410001L001,14
03-04-2024 02:45,410001L001,7
03-04-2024 03:00,410001L001,6
03-04-2024 03:15,410001L001,6
03-04-2024 03:30,410001L001,8
03-04-2024 03:45,410001L001,5
03-04-2024 04:00,410001L001,3
03-04-2024 04:15,410001L001,8
03-04-2024 04:30,410001L001,8
03-04-2024 04:45,410001L001,3
03-04-2024 05:00,410001L001,5
03-04-2024 05:15,410001L001,12
03-04-2024 05:30,410001L001,12
03-04-2024 05:45,410001L001,18
03-04-2024 06:00,410001L001,17
03-04-2024 06:15,410001L001,9
03-04-2024 06:30,410001L001,9
03-04-2024 06:45,410001L001,18
03-04-2024 07:00,410001L001,9
03-04-2024 07:15,410001L001,27
03-04-2024 07:30,410001L001,13
03-04-2024 07:45,410001L001,25
03-04-2024 08:00,410001L001,21
03-04-2024 08:15,410001L001,21
03-04-2024 08:30,410001L001,24
03-04-2024 08:45,410001L001,31
03-04-2024 09:00,410001L001,32
03-04-2024 09:15,410001L001,45
03-04-2024 09:30,410001L001,40
03-04-2024 09:45,410001L001,24
03-04-2024 10:00,410001L001,44
03-04-2024 10:15,410001L001,38
03-04-2024 10:30,410001L001,41
03-04-2024 10:45,410001L001,62
03-04-2024 11:00,410001L001,41
03-04-2024 11:15,410001L001,46
03-04-2024 11:30,410001L001,57
03-04-2024 11:45,410001L001,51
03-04-2024 12:00,410001L001,62
03-04-2024 12:15,410001L001,64
03-04-2024 12:30,410001L001,45
03-04-2024 12:45,410001L001,50
03-04-2024 13:00,410001L001,66
03-04-2024 13:15,410001L001,62
03-04-2024 13:30,410001L001,61
03-04-2024 13:45,410001L001,57
03-04-2024 14:00,410001L001,65
03-04-2024 14:15,410001L001,48
03-04-2024 14:30,410001L001,65
03-04-2024 14:45,410001L001,63
03-04-2024 15:00,410001L001,55
03-04-2024 15:15,410001L001,51
03-04-2024 15:30,410001L001,37
03-04-2024 15:45,410001L001,68
03-04-2024 16:00,410001L001,50
03-04-2024 16:15,410001L001,57
03-04-2024 16:30,410001L001,72
03-04-2024 16:45,410001L001,49
03-04-2024 17:00,410001L001,70
03-04-2024 17:15,410001L001,47
03-04-2024 17:30,410001L001,53
03-04-2024 17:45,410001L001,39
03-04-2024 18:00,410001L001,50
03-04-2024 18:15,410001L001,60
03-04-2024 18:30,410001L001,37
03-04-2024 18:45,410001L001,71
03-04-2024 19:00,410001L001,47
03-04-2024 19:15,410001L001,48
03-04-2024 19:30,410001L001,35
03-04-2024 19:45,410001L001,63
03-04-2024 20:00,410001L001,64
03-04-2024 20:15,410001L001,52
03-04-2024 20:30,410001L001,25
03-04-2024 20:45,410001L001,36
03-04-2024 21:00,410001L001,40
03-04-2024 21:15,410001L001,26
03-04-2024 21:30,410001L001,27
03-04-2024 21:45,410001L001,33
03-04-2024 22:00,410001L001,41
03-04-2024 22:15,410001L001,43
03-04-2024 22:30,410001L001,33
03-04-2024 22:45,410001L001,20
03-04-2024 23:00,410001L001,30
03-04-2024 23:15,410001L001,20
03-04-2024 23:30,410001L001,22
03-04-2024 23:45,410001L001,31
04-04-2024 00:00,410001L001,17
04-04-2024 00:15,410001L001,18
04-04-2024 00:30,410001L001,26
04-04-2024 00:45,410001L001,15
04-04-2024 01:00,410001L001,23
04-04-2024 01:15,410001L001,21
04-04-2024 01:30,410001L001,18
04-04-2024 01:45,410001L001,16
04-04-2024 02:00,410001L001,20
04-04-2024 02:15,410001L001,16
04-04-2024 02:30,410001L001,27
04-04-2024 02:45,410001L001,18
04-04-2024 03:00,410001L001,19
04-04-2024 03:15,410001L001,21
04-04-2024 03:30,410001L001,13
04-04-2024 03:45,410001L001,17
04-04-2024 04:00,410001L001,14
04-04-2024 04:15,410001L001,22
04-04-2024 04:30,410001L001,19
04-04-2024 04:45,410001L001,15
04-04-2024 05:00,410001L001,23
04-04-2024 05:15,410001L001,19
04-04-2024 05:30,410001L001,14
04-04-2024 05:45,410001L001,20
04-04-2024 06:00,410001L001,21
04-04-2024 06:15,410001L001,14
04-04-2024 06:30,410001L001,21
04-04-2024 06:45,410001L001,23
04-04-2024 07:00,410001L001,20
04-04-2024 07:15,410001L001,36
04-04-2024 07:30,410001L001,38
04-04-2024 07:45,410001L001,23
04-04-2024 08:00,410001L001,30
04-04-2024 08:15,410001L001,30
04-04-2024 08:30,410001L001,30
04-04-2024 08:45,410001L001,26
04-04-2024 09:00,410001L001,35
04-04-2024 09:15,410001L001,39
04-04-2024 09:30,410001L001,42
04-04-2024 09:45,410001L001,49
04-04-2024 10:00,410001L001,61
04-04-2024 10:15,410001L001,59
04-04-2024 10:30,410001L001,44
04-04-2024 10:45,410001L001,48
04-04-2024 11:00,410001L001,42
04-04-2024 11:15,410001L001,50
04-04-2024 11:30,410001L001,49
04-04-2024 11:45,410001L001,51
04-04-2024 12:00,410001L001,40
04-04-2024 12:15,410001L001,64
04-04-2024 12:30,410001L001,52
04-04-2024 12:45,410001L001,53
04-04-2024 13:00,410001L001,56
04-04-2024 13:15,410001L001,57
04-04-2024 13:30,410001L001,57
04-04-2024 13:45,410001L001,62
04-04-2024 14:00,410001L001,57
04-04-2024 14:15,410001L001,48
04-04-2024 14:30,410001L001,46
04-04-2024 14:45,410001L001,66
04-04-2024 15:00,410001L001,28
04-04-2024 15:15,410001L001,55
04-04-2024 15:30,410001L001,42
04-04-2024 15:45,410001L001,50
04-04-2024 16:00,410001L001,29
04-04-2024 16:15,410001L001,53
04-04-2024 16:30,410001L001,54
04-04-2024 16:45,410001L001,50
04-04-2024 17:00,410001L001,61
04-04-2024 17:15,410001L001,57
04-04-2024 17:30,410001L001,50
04-04-2024 17:45,410001L001,41
04-04-2024 18:00,410001L001,61
04-04-2024 18:15,410001L001,64
04-04-2024 18:30,410001L001,46
04-04-2024 18:45,410001L001,46
04-04-2024 19:00,410001L001,61
04-04-2024 19:15,410001L001,46
04-04-2024 19:30,410001L001,61
04-04-2024 19:45,410001L001,55
04-04-2024 20:00,410001L001,77
04-04-2024 20:15,410001L001,75
04-04-2024 20:30,410001L001,66
04-04-2024 20:45,410001L001,73
04-04-2024 21:00,410001L001,66
04-04-2024 21:15,410001L001,67
04-04-2024 21:30,410001L001,80
04-04-2024 21:45,410001L001,77
04-04-2024 22:00,410001L001,81
04-04-2024 22:15,410001L001,59
04-04-2024 22:30,410001L001,46
04-04-2024 22:45,410001L001,60
04-04-2024 23:00,410001L001,60
04-04-2024 23:15,410001L001,30
04-04-2024 23:30,410001L001,46
04-04-2024 23:45,410001L001,38
05-04-2024 00:15,410001L001,32
05-04-2024 00:30,410001L001,37
05-04-2024 00:45,410001L001,37
05-04-2024 01:00,410001L001,30
05-04-2024 01:15,410001L001,31
05-04-2024 01:30,410001L001,32
05-04-2024 01:45,410001L001,32
05-04-2024 03:00,410001L001,25
05-04-2024 03:15,410001L001,25
05-04-2024 03:30,410001L001,26
05-04-2024 03:45,410001L001,26
05-04-2024 04:00,410001L001,27
05-04-2024 04:15,410001L001,21
05-04-2024 04:30,410001L001,17
05-04-2024 04:45,410001L001,23
05-04-2024 05:00,410001L001,24
05-04-2024 05:15,410001L001,26
05-04-2024 05:30,410001L001,21
05-04-2024 05:45,410001L001,25
05-04-2024 06:00,410001L001,16
05-04-2024 06:15,410001L001,28
05-04-2024 06:30,410001L001,23
05-04-2024 06:45,410001L001,21
05-04-2024 07:00,410001L001,22
05-04-2024 07:15,410001L001,25
05-04-2024 07:30,410001L001,22
05-04-2024 07:45,410001L001,19
05-04-2024 08:00,410001L001,22
05-04-2024 08:15,410001L001,28
05-04-2024 08:30,410001L001,37
05-04-2024 08:45,410001L001,38
05-04-2024 09:00,410001L001,44
05-04-2024 09:15,410001L001,34
05-04-2024 09:30,410001L001,30
05-04-2024 09:45,410001L001,30
05-04-2024 10:00,410001L001,42
05-04-2024 10:15,410001L001,46
05-04-2024 10:30,410001L001,49
05-04-2024 10:45,410001L001,48
05-04-2024 11:00,410001L001,51
05-04-2024 11:15,410001L001,58
05-04-2024 11:30,410001L001,48
05-04-2024 11:45,410001L001,49
05-04-2024 12:00,410001L001,58
05-04-2024 12:15,410001L001,57
05-04-2024 12:30,410001L001,54
05-04-2024 12:45,410001L001,81
05-04-2024 13:00,410001L001,88
05-04-2024 13:15,410001L001,92
05-04-2024 13:30,410001L001,83
05-04-2024 13:45,410001L001,94
05-04-2024 14:00,410001L001,159
05-04-2024 14:15,410001L001,122
05-04-2024 14:30,410001L001,91
05-04-2024 14:45,410001L001,115
05-04-2024 15:00,410001L001,104
05-04-2024 15:15,410001L001,102
05-04-2024 15:30,410001L001,96
05-04-2024 15:45,410001L001,72
05-04-2024 16:00,410001L001,84
05-04-2024 16:15,410001L001,92
05-04-2024 16:30,410001L001,90
05-04-2024 16:45,410001L001,95
05-04-2024 17:00,410001L001,60
05-04-2024 17:15,410001L001,83
05-04-2024 17:30,410001L001,80
05-04-2024 17:45,410001L001,95
05-04-2024 18:00,410001L001,79
05-04-2024 18:15,410001L001,102
05-04-2024 18:30,410001L001,79
05-04-2024 18:45,410001L001,90
05-04-2024 19:00,410001L001,135
05-04-2024 19:15,410001L001,80
05-04-2024 19:30,410001L001,68
05-04-2024 19:45,410001L001,89
05-04-2024 20:00,410001L001,109
05-04-2024 20:15,410001L001,82
05-04-2024 20:30,410001L001,86
05-04-2024 20:45,410001L001,90
05-04-2024 21:00,410001L001,81
05-04-2024 21:15,410001L001,80
05-04-2024 21:30,410001L001,73
05-04-2024 21:45,410001L001,51
05-04-2024 22:00,410001L001,50
05-04-2024 22:15,410001L001,49
05-04-2024 22:30,410001L001,52
05-04-2024 22:45,410001L001,37
05-04-2024 23:00,410001L001,55
05-04-2024 23:15,410001L001,37
05-04-2024 23:30,410001L001,38
05-04-2024 23:45,410001L001,27
06-04-2024 00:00,410001L001,32
06-04-2024 00:15,410001L001,41
06-04-2024 00:30,410001L001,42
06-04-2024 00:45,410001L001,33
06-04-2024 01:00,410001L001,30
06-04-2024 01:15,410001L001,34
06-04-2024 01:30,410001L001,32
06-04-2024 01:45,410001L001,31
06-04-2024 02:00,410001L001,39
06-04-2024 02:15,410001L001,24
06-04-2024 02:30,410001L001,31
06-04-2024 02:45,410001L001,23
06-04-2024 03:00,410001L001,30
06-04-2024 03:15,410001L001,31
06-04-2024 03:30,410001L001,28
06-04-2024 03:45,410001L001,35
06-04-2024 04:00,410001L001,31
06-04-2024 04:15,410001L001,49
06-04-2024 04:30,410001L001,54
06-04-2024 04:45,410001L001,44
06-04-2024 05:00,410001L001,55
06-04-2024 05:15,410001L001,29
06-04-2024 05:30,410001L001,38
06-04-2024 05:45,410001L001,36
06-04-2024 06:00,410001L001,30
06-04-2024 06:15,410001L001,55
06-04-2024 06:30,410001L001,46
06-04-2024 06:45,410001L001,47
06-04-2024 07:00,410001L001,51
06-04-2024 07:15,410001L001,54
06-04-2024 07:30,410001L001,59
06-04-2024 07:45,410001L001,88
06-04-2024 08:00,410001L001,124
06-04-2024 08:15,410001L001,142
06-04-2024 08:30,410001L001,178
06-04-2024 08:45,410001L001,237
06-04-2024 09:00,410001L001,238
06-04-2024 09:15,410001L001,208
06-04-2024 09:30,410001L001,260
06-04-2024 09:45,410001L001,292
06-04-2024 10:00,410001L001,223
06-04-2024 10:15,410001L001,201
06-04-2024 10:30,410001L001,205
06-04-2024 10:45,410001L001,214
06-04-2024 11:00,410001L001,232
06-04-2024 11:15,410001L001,197
06-04-2024 11:30,410001L001,168
06-04-2024 11:45,410001L001,141
06-04-2024 12:00,410001L001,195
06-04-2024 12:15,410001L001,195
06-04-2024 12:30,410001L001,237
06-04-2024 12:45,410001L001,212
06-04-2024 13:00,410001L001,223
06-04-2024 13:15,410001L001,233
06-04-2024 13:30,410001L001,234
06-04-2024 13:45,410001L001,169
06-04-2024 14:00,410001L001,235
06-04-2024 14:15,410001L001,225
06-04-2024 14:30,410001L001,233
06-04-2024 14:45,410001L001,198
06-04-2024 15:00,410001L001,201
06-04-2024 15:15,410001L001,195
06-04-2024 15:30,410001L001,207
06-04-2024 15:45,410001L001,187
06-04-2024 16:00,410001L001,199
06-04-2024 16:15,410001L001,148
06-04-2024 16:30,410001L001,169
06-04-2024 16:45,410001L001,176
06-04-2024 17:00,410001L001,185
06-04-2024 17:15,410001L001,217
06-04-2024 17:30,410001L001,195
06-04-2024 17:45,410001L001,180
06-04-2024 18:00,410001L001,171
06-04-2024 18:15,410001L001,130
06-04-2024 18:30,410001L001,169
06-04-2024 18:45,410001L001,137
06-04-2024 19:00,410001L001,127
06-04-2024 19:15,410001L001,105
06-04-2024 19:30,410001L001,119
06-04-2024 19:45,410001L001,124
06-04-2024 20:00,410001L001,131
06-04-2024 20:15,410001L001,137
06-04-2024 20:30,410001L001,106
06-04-2024 20:45,410001L001,114
06-04-2024 21:00,410001L001,84
06-04-2024 21:15,410001L001,129
06-04-2024 21:30,410001L001,125
06-04-2024 21:45,410001L001,96
06-04-2024 22:00,410001L001,81
06-04-2024 22:15,410001L001,75
06-04-2024 22:30,410001L001,65
06-04-2024 22:45,410001L001,67
06-04-2024 23:00,410001L001,66
06-04-2024 23:15,410001L001,59
06-04-2024 23:30,410001L001,44
06-04-2024 23:45,410001L001,34
07-04-2024 00:00,410001L001,39
07-04-2024 00:15,410001L001,43
07-04-2024 00:30,410001L001,28
07-04-2024 00:45,410001L001,37
07-04-2024 01:00,410001L001,37
07-04-2024 01:15,410001L001,40
07-04-2024 01:30,410001L001,36
07-04-2024 01:45,410001L001,43
07-04-2024 02:00,410001L001,30
07-04-2024 02:15,410001L001,35
07-04-2024 02:30,410001L001,44
07-04-2024 02:45,410001L001,35
07-04-2024 03:00,410001L001,32
07-04-2024 03:15,410001L001,35
07-04-2024 03:30,410001L001,34
07-04-2024 03:45,410001L001,38
07-04-2024 04:00,410001L001,39
07-04-2024 04:15,410001L001,41
07-04-2024 04:30,410001L001,34
07-04-2024 04:45,410001L001,41
07-04-2024 05:00,410001L001,36
07-04-2024 05:15,410001L001,35
07-04-2024 05:30,410001L001,31
07-04-2024 05:45,410001L001,41
07-04-2024 06:00,410001L001,41
07-04-2024 06:15,410001L001,57
07-04-2024 06:30,410001L001,60
07-04-2024 06:45,410001L001,72
07-04-2024 07:00,410001L001,92
07-04-2024 07:15,410001L001,79
07-04-2024 07:30,410001L001,97
07-04-2024 07:45,410001L001,84
07-04-2024 08:00,410001L001,120
07-04-2024 08:15,410001L001,145
07-04-2024 08:30,410001L001,168
07-04-2024 08:45,410001L001,179
07-04-2024 09:00,410001L001,193
07-04-2024 09:15,410001L001,178
07-04-2024 09:30,410001L001,218
07-04-2024 09:45,410001L001,169
07-04-2024 10:00,410001L001,178
07-04-2024 10:15,410001L001,190
07-04-2024 10:30,410001L001,144
07-04-2024 10:45,410001L001,159
07-04-2024 11:00,410001L001,186
07-04-2024 11:15,410001L001,162
07-04-2024 11:30,410001L001,131
07-04-2024 11:45,410001L001,98
07-04-2024 12:00,410001L001,179
07-04-2024 12:15,410001L001,188
07-04-2024 12:30,410001L001,186
07-04-2024 12:45,410001L001,176
07-04-2024 13:00,410001L001,178
07-04-2024 13:15,410001L001,163
07-04-2024 13:30,410001L001,198
07-04-2024 13:45,410001L001,171
07-04-2024 14:00,410001L001,278
07-04-2024 14:15,410001L001,168
07-04-2024 14:30,410001L001,196
07-04-2024 14:45,410001L001,179
07-04-2024 15:00,410001L001,163
07-04-2024 15:15,410001L001,148
07-04-2024 15:30,410001L001,142
07-04-2024 15:45,410001L001,149
07-04-2024 16:00,410001L001,159
07-04-2024 16:15,410001L001,151
07-04-2024 16:30,410001L001,131
07-04-2024 16:45,410001L001,199
07-04-2024 17:00,410001L001,152
07-04-2024 17:15,410001L001,99
07-04-2024 17:30,410001L001,159
07-04-2024 17:45,410001L001,171
07-04-2024 18:00,410001L001,149
07-04-2024 18:15,410001L001,140
07-04-2024 18:30,410001L001,175
07-04-2024 18:45,410001L001,235
07-04-2024 19:00,410001L001,208
07-04-2024 19:15,410001L001,156
07-04-2024 19:30,410001L001,205
07-04-2024 19:45,410001L001,128
07-04-2024 20:00,410001L001,134
07-04-2024 20:15,410001L001,150
07-04-2024 20:30,410001L001,163
07-04-2024 20:45,410001L001,113
07-04-2024 21:00,410001L001,83
07-04-2024 21:15,410001L001,90
07-04-2024 21:30,410001L001,98
07-04-2024 21:45,410001L001,101
07-04-2024 22:00,410001L001,61
07-04-2024 22:15,410001L001,100
07-04-2024 22:30,410001L001,112
07-04-2024 22:45,410001L001,84
07-04-2024 23:00,410001L001,63
07-04-2024 23:15,410001L001,75
07-04-2024 23:30,410001L001,74
07-04-2024 23:45,410001L001,76
08-04-2024 00:00,410001L001,41
08-04-2024 00:15,410001L001,51
08-04-2024 00:30,410001L001,52
08-04-2024 00:45,410001L001,52
08-04-2024 01:00,410001L001,40
08-04-2024 01:15,410001L001,35
08-04-2024 01:30,410001L001,40
08-04-2024 01:45,410001L001,26
08-04-2024 02:00,410001L001,31
08-04-2024 02:15,410001L001,32
08-04-2024 02:30,410001L001,33
08-04-2024 02:45,410001L001,38
08-04-2024 03:00,410001L001,38
08-04-2024 03:15,410001L001,26
08-04-2024 03:30,410001L001,41
08-04-2024 03:45,410001L001,38
08-04-2024 04:00,410001L001,28
08-04-2024 04:15,410001L001,33
08-04-2024 04:30,410001L001,32
08-04-2024 04:45,410001L001,42
08-04-2024 05:00,410001L001,34
08-04-2024 05:15,410001L001,37
08-04-2024 05:30,410001L001,37
08-04-2024 05:45,410001L001,33
08-04-2024 06:00,410001L001,34
08-04-2024 06:15,410001L001,35
08-04-2024 06:30,410001L001,43
08-04-2024 06:45,410001L001,55
08-04-2024 07:00,410001L001,65
08-04-2024 07:15,410001L001,68
08-04-2024 07:30,410001L001,119
08-04-2024 07:45,410001L001,87
08-04-2024 08:00,410001L001,131
08-04-2024 08:15,410001L001,123
08-04-2024 08:30,410001L001,142
08-04-2024 08:45,410001L001,192
08-04-2024 09:00,410001L001,160
08-04-2024 09:15,410001L001,176
08-04-2024 09:30,410001L001,151
08-04-2024 09:45,410001L001,158
08-04-2024 10:00,410001L001,165
08-04-2024 10:15,410001L001,160
08-04-2024 10:30,410001L001,164
08-04-2024 10:45,410001L001,123
08-04-2024 11:00,410001L001,182
08-04-2024 11:15,410001L001,160
08-04-2024 11:30,410001L001,201
08-04-2024 11:45,410001L001,129
08-04-2024 12:00,410001L001,122
08-04-2024 12:15,410001L001,149
08-04-2024 12:30,410001L001,142
08-04-2024 12:45,410001L001,153
08-04-2024 13:00,410001L001,154
08-04-2024 13:15,410001L001,158
08-04-2024 13:30,410001L001,138
08-04-2024 13:45,410001L001,107
08-04-2024 14:00,410001L001,118
08-04-2024 14:15,410001L001,141
08-04-2024 14:30,410001L001,127
08-04-2024 14:45,410001L001,146
08-04-2024 15:00,410001L001,187
08-04-2024 15:15,410001L001,168
08-04-2024 15:30,410001L001,131
08-04-2024 15:45,410001L001,137
08-04-2024 16:00,410001L001,129
08-04-2024 16:15,410001L001,152
08-04-2024 16:30,410001L001,159
08-04-2024 16:45,410001L001,125
08-04-2024 17:00,410001L001,139
08-04-2024 17:15,410001L001,153
08-04-2024 17:30,410001L001,188
08-04-2024 17:45,410001L001,188
08-04-2024 18:00,410001L001,204
08-04-2024 18:15,410001L001,127
08-04-2024 18:30,410001L001,144
08-04-2024 18:45,410001L001,149
08-04-2024 19:00,410001L001,208
08-04-2024 19:15,410001L001,158
08-04-2024 19:30,410001L001,172
08-04-2024 19:45,410001L001,146
08-04-2024 20:00,410001L001,158
08-04-2024 20:15,410001L001,131
08-04-2024 20:30,410001L001,135
08-04-2024 20:45,410001L001,104
08-04-2024 21:00,410001L001,115
08-04-2024 21:15,410001L001,124
08-04-2024 21:30,410001L001,104
08-04-2024 21:45,410001L001,84
08-04-2024 22:00,410001L001,88
08-04-2024 22:15,410001L001,92
08-04-2024 22:30,410001L001,91
08-04-2024 22:45,410001L001,67
08-04-2024 23:00,410001L001,63
08-04-2024 23:15,410001L001,75
08-04-2024 23:30,410001L001,48
08-04-2024 23:45,410001L001,53
09-04-2024 00:00,410001L001,68
09-04-2024 00:15,410001L001,60
09-04-2024 00:30,410001L001,51
09-04-2024 00:45,410001L001,49
09-04-2024 01:00,410001L001,42
09-04-2024 01:15,410001L001,45
09-04-2024 01:30,410001L001,50
09-04-2024 01:45,410001L001,43
09-04-2024 02:00,410001L001,53
09-04-2024 02:15,410001L001,48
09-04-2024 02:30,410001L001,44
09-04-2024 02:45,410001L001,48
09-04-2024 03:00,410001L001,57
09-04-2024 03:15,410001L001,46
09-04-2024 03:30,410001L001,49
09-04-2024 03:45,410001L001,51
09-04-2024 04:00,410001L001,42
09-04-2024 04:15,410001L001,49
09-04-2024 04:30,410001L001,54
09-04-2024 04:45,410001L001,57
09-04-2024 05:00,410001L001,49
09-04-2024 05:15,410001L001,45
09-04-2024 05:30,410001L001,52
09-04-2024 05:45,410001L001,42
09-04-2024 06:00,410001L001,53
09-04-2024 06:15,410001L001,60
09-04-2024 06:30,410001L001,54
09-04-2024 06:45,410001L001,62
09-04-2024 07:00,410001L001,76
09-04-2024 07:15,410001L001,65
09-04-2024 07:30,410001L001,72
09-04-2024 07:45,410001L001,95
09-04-2024 08:00,410001L001,134
09-04-2024 08:15,410001L001,118
09-04-2024 08:30,410001L001,164
09-04-2024 08:45,410001L001,172
09-04-2024 09:00,410001L001,172
09-04-2024 09:15,410001L001,185
09-04-2024 09:30,410001L001,202
09-04-2024 09:45,410001L001,178
09-04-2024 10:00,410001L001,172
09-04-2024 10:15,410001L001,178
09-04-2024 10:30,410001L001,173
09-04-2024 10:45,410001L001,180
09-04-2024 11:00,410001L001,182
09-04-2024 11:15,410001L001,166
09-04-2024 11:30,410001L001,172
09-04-2024 11:45,410001L001,164
09-04-2024 12:00,410001L001,163
09-04-2024 12:15,410001L001,176
09-04-2024 12:30,410001L001,164
09-04-2024 12:45,410001L001,146
09-04-2024 13:00,410001L001,161
09-04-2024 13:15,410001L001,173
09-04-2024 13:30,410001L001,144
09-04-2024 13:45,410001L001,167
09-04-2024 14:00,410001L001,191
09-04-2024 14:15,410001L001,222
09-04-2024 14:30,410001L001,271
09-04-2024 14:45,410001L001,190
09-04-2024 15:00,410001L001,220
09-04-2024 15:15,410001L001,193
09-04-2024 15:30,410001L001,216
09-04-2024 15:45,410001L001,149
09-04-2024 16:00,410001L001,205
09-04-2024 16:15,410001L001,207
09-04-2024 16:30,410001L001,170
09-04-2024 16:45,410001L001,182
09-04-2024 17:00,410001L001,207
09-04-2024 17:15,410001L001,198
09-04-2024 17:30,410001L001,251
09-04-2024 17:45,410001L001,201
09-04-2024 18:00,410001L001,232
09-04-2024 18:15,410001L001,191
09-04-2024 18:30,410001L001,225
09-04-2024 18:45,410001L001,164
09-04-2024 19:00,410001L001,178
09-04-2024 19:15,410001L001,187
09-04-2024 19:30,410001L001,147
09-04-2024 19:45,410001L001,136
09-04-2024 20:00,410001L001,143
09-04-2024 20:15,410001L001,149
09-04-2024 20:30,410001L001,109
09-04-2024 20:45,410001L001,144
09-04-2024 21:00,410001L001,154
09-04-2024 21:15,410001L001,154
09-04-2024 21:30,410001L001,136
09-04-2024 21:45,410001L001,111
09-04-2024 22:00,410001L001,79
09-04-2024 22:15,410001L001,86
09-04-2024 22:30,410001L001,65
09-04-2024 22:45,410001L001,77
09-04-2024 23:00,410001L001,75
09-04-2024 23:15,410001L001,67
09-04-2024 23:30,410001L001,51
09-04-2024 23:45,410001L001,58
10-04-2024 00:00,410001L001,55
10-04-2024 00:15,410001L001,83
10-04-2024 00:30,410001L001,63
10-04-2024 00:45,410001L001,48
10-04-2024 01:00,410001L001,49
10-04-2024 01:15,410001L001,55
10-04-2024 01:30,410001L001,44
10-04-2024 01:45,410001L001,49
10-04-2024 02:00,410001L001,59
10-04-2024 02:15,410001L001,66
10-04-2024 02:30,410001L001,49
10-04-2024 02:45,410001L001,55
10-04-2024 03:00,410001L001,41
10-04-2024 03:15,410001L001,43
10-04-2024 03:30,410001L001,54
10-04-2024 03:45,410001L001,44
10-04-2024 04:00,410001L001,48
10-04-2024 04:15,410001L001,47
10-04-2024 04:30,410001L001,54
10-04-2024 04:45,410001L001,51
10-04-2024 05:00,410001L001,57
10-04-2024 05:15,410001L001,43
10-04-2024 05:32,410001L001,0
10-04-2024 05:45,410001L001,51
10-04-2024 06:00,410001L001,38
10-04-2024 06:15,410001L001,42
10-04-2024 06:30,410001L001,50
10-04-2024 06:45,410001L001,78
10-04-2024 07:00,410001L001,87
10-04-2024 07:15,410001L001,73
10-04-2024 07:30,410001L001,85
10-04-2024 07:45,410001L001,133
10-04-2024 08:00,410001L001,110
10-04-2024 08:15,410001L001,145
10-04-2024 08:30,410001L001,156
10-04-2024 08:45,410001L001,212
10-04-2024 09:00,410001L001,175
10-04-2024 09:15,410001L001,217
10-04-2024 09:30,410001L001,220
10-04-2024 09:45,410001L001,170
10-04-2024 10:00,410001L001,187
10-04-2024 10:15,410001L001,215
10-04-2024 10:30,410001L001,167
10-04-2024 10:45,410001L001,184
10-04-2024 11:00,410001L001,175
10-04-2024 11:15,410001L001,244
10-04-2024 11:30,410001L001,168
10-04-2024 11:45,410001L001,190
10-04-2024 12:00,410001L001,157
10-04-2024 12:15,410001L001,199
10-04-2024 12:30,410001L001,179
10-04-2024 12:45,410001L001,179
10-04-2024 13:00,410001L001,167
10-04-2024 13:15,410001L001,214
10-04-2024 13:30,410001L001,209
10-04-2024 13:45,410001L001,188
10-04-2024 14:00,410001L001,178
10-04-2024 14:15,410001L001,241
10-04-2024 14:30,410001L001,256
10-04-2024 14:45,410001L001,216
10-04-2024 15:00,410001L001,189
10-04-2024 15:15,410001L001,278
10-04-2024 15:30,410001L001,211
10-04-2024 15:45,410001L001,163
10-04-2024 16:00,410001L001,209
10-04-2024 16:15,410001L001,155
10-04-2024 16:30,410001L001,160
10-04-2024 16:45,410001L001,165
10-04-2024 17:00,410001L001,147
10-04-2024 17:15,410001L001,141
10-04-2024 17:30,410001L001,126
10-04-2024 17:45,410001L001,163
10-04-2024 18:00,410001L001,118
10-04-2024 18:15,410001L001,118
10-04-2024 18:30,410001L001,134
10-04-2024 18:45,410001L001,121
10-04-2024 19:00,410001L001,118
10-04-2024 19:15,410001L001,127
10-04-2024 19:30,410001L001,143
10-04-2024 19:45,410001L001,103
10-04-2024 20:00,410001L001,152
10-04-2024 20:15,410001L001,153
10-04-2024 20:30,410001L001,134
10-04-2024 20:45,410001L001,120
10-04-2024 21:00,410001L001,105
10-04-2024 21:15,410001L001,111
10-04-2024 21:30,410001L001,117
10-04-2024 21:45,410001L001,88
10-04-2024 22:00,410001L001,91
10-04-2024 22:15,410001L001,88
10-04-2024 22:30,410001L001,72
10-04-2024 22:45,410001L001,54
10-04-2024 23:00,410001L001,78
10-04-2024 23:15,410001L001,66
10-04-2024 23:30,410001L001,56
10-04-2024 23:45,410001L001,58
11-04-2024 00:00,410001L001,67
11-04-2024 00:15,410001L001,66
11-04-2024 00:30,410001L001,83
11-04-2024 00:45,410001L001,45
11-04-2024 01:00,410001L001,61
11-04-2024 01:15,410001L001,56
11-04-2024 01:30,410001L001,55
11-04-2024 01:45,410001L001,46
11-04-2024 02:00,410001L001,43
11-04-2024 02:15,410001L001,0
11-04-2024 02:30,410001L001,38
11-04-2024 02:45,410001L001,40
11-04-2024 03:00,410001L001,60
11-04-2024 03:15,410001L001,50
11-04-2024 03:30,410001L001,38
11-04-2024 03:45,410001L001,35
11-04-2024 04:00,410001L001,47
11-04-2024 04:15,410001L001,45
11-04-2024 04:30,410001L001,38
11-04-2024 04:45,410001L001,36
11-04-2024 05:00,410001L001,41
11-04-2024 05:15,410001L001,33
11-04-2024 05:30,410001L001,37
11-04-2024 05:45,410001L001,44
11-04-2024 06:00,410001L001,50
11-04-2024 06:15,410001L001,43
11-04-2024 06:30,410001L001,35
11-04-2024 06:45,410001L001,37
11-04-2024 07:00,410001L001,44
11-04-2024 07:15,410001L001,36
11-04-2024 07:30,410001L001,43
11-04-2024 07:45,410001L001,47
11-04-2024 08:00,410001L001,75
11-04-2024 08:15,410001L001,79
11-04-2024 08:30,410001L001,71
11-04-2024 08:45,410001L001,76
11-04-2024 09:00,410001L001,95
11-04-2024 09:15,410001L001,91
11-04-2024 09:30,410001L001,98
11-04-2024 09:45,410001L001,85
11-04-2024 10:00,410001L001,105
11-04-2024 10:15,410001L001,100
11-04-2024 10:30,410001L001,89
11-04-2024 10:45,410001L001,101
11-04-2024 11:00,410001L001,86
11-04-2024 11:15,410001L001,102
11-04-2024 11:30,410001L001,115
11-04-2024 11:45,410001L001,87
11-04-2024 12:00,410001L001,119
11-04-2024 12:15,410001L001,124
11-04-2024 12:30,410001L001,162
11-04-2024 12:45,410001L001,171
11-04-2024 13:00,410001L001,135
11-04-2024 13:15,410001L001,130
11-04-2024 13:30,410001L001,113
11-04-2024 13:45,410001L001,154
11-04-2024 14:00,410001L001,149
11-04-2024 14:15,410001L001,140
11-04-2024 14:30,410001L001,173
11-04-2024 14:45,410001L001,178
11-04-2024 15:00,410001L001,131
11-04-2024 15:15,410001L001,148
11-04-2024 15:30,410001L001,122
11-04-2024 15:45,410001L001,122
11-04-2024 16:00,410001L001,121
11-04-2024 16:15,410001L001,84
11-04-2024 16:30,410001L001,75
11-04-2024 16:45,410001L001,94
11-04-2024 17:00,410001L001,87
11-04-2024 17:15,410001L001,111
11-04-2024 17:30,410001L001,86
11-04-2024 17:45,410001L001,86
11-04-2024 18:00,410001L001,80
11-04-2024 18:15,410001L001,73
11-04-2024 18:30,410001L001,90
11-04-2024 18:45,410001L001,126
11-04-2024 19:00,410001L001,98
11-04-2024 19:15,410001L001,123
11-04-2024 19:30,410001L001,110
11-04-2024 19:45,410001L001,109
11-04-2024 20:00,410001L001,123
11-04-2024 20:15,410001L001,98
11-04-2024 20:30,410001L001,93
11-04-2024 20:45,410001L001,83
11-04-2024 21:00,410001L001,71
11-04-2024 21:15,410001L001,75
11-04-2024 21:30,410001L001,64
11-04-2024 21:45,410001L001,106
11-04-2024 22:00,410001L001,56
11-04-2024 22:15,410001L001,85
11-04-2024 22:30,410001L001,50
11-04-2024 22:45,410001L001,46
11-04-2024 23:00,410001L001,45
11-04-2024 23:15,410001L001,50
11-04-2024 23:30,410001L001,43
11-04-2024 23:45,410001L001,61
12-04-2024 00:00,410001L001,32
12-04-2024 00:15,410001L001,44
12-04-2024 00:30,410001L001,40
12-04-2024 00:45,410001L001,42
12-04-2024 01:00,410001L001,42
12-04-2024 01:15,410001L001,0
12-04-2024 01:30,410001L001,41
12-04-2024 01:45,410001L001,36
12-04-2024 02:00,410001L001,40
12-04-2024 02:15,410001L001,44
12-04-2024 02:30,410001L001,28
12-04-2024 02:45,410001L001,34
12-04-2024 03:00,410001L001,49
12-04-2024 03:15,410001L001,43
12-04-2024 03:30,410001L001,33
12-04-2024 03:45,410001L001,36
12-04-2024 04:00,410001L001,51
12-04-2024 04:15,410001L001,52
12-04-2024 04:30,410001L001,43
12-04-2024 04:45,410001L001,53
12-04-2024 05:00,410001L001,52
12-04-2024 05:15,410001L001,54
12-04-2024 05:30,410001L001,49
12-04-2024 05:45,410001L001,45
12-04-2024 06:00,410001L001,46
12-04-2024 06:15,410001L001,55
12-04-2024 06:30,410001L001,49
12-04-2024 06:45,410001L001,47
12-04-2024 07:00,410001L001,51
12-04-2024 07:15,410001L001,53
12-04-2024 07:30,410001L001,55
12-04-2024 07:45,410001L001,45
12-04-2024 08:00,410001L001,50
12-04-2024 08:15,410001L001,45
12-04-2024 08:30,410001L001,50
12-04-2024 08:45,410001L001,50
12-04-2024 09:00,410001L001,57
12-04-2024 09:15,410001L001,70
12-04-2024 09:30,410001L001,70
12-04-2024 09:45,410001L001,61
12-04-2024 10:00,410001L001,68
12-04-2024 10:15,410001L001,68
12-04-2024 10:30,410001L001,74
12-04-2024 10:45,410001L001,77
12-04-2024 11:00,410001L001,108
12-04-2024 11:15,410001L001,91
12-04-2024 11:30,410001L001,100
12-04-2024 11:45,410001L001,89
12-04-2024 12:00,410001L001,127
12-04-2024 12:15,410001L001,84
12-04-2024 12:30,410001L001,87
12-04-2024 12:45,410001L001,102
12-04-2024 13:00,410001L001,105
12-04-2024 13:15,410001L001,97
12-04-2024 13:30,410001L001,93
12-04-2024 13:45,410001L001,130
12-04-2024 14:00,410001L001,138
12-04-2024 14:15,410001L001,153
12-04-2024 14:30,410001L001,198
12-04-2024 14:45,410001L001,123
12-04-2024 15:00,410001L001,159
12-04-2024 15:15,410001L001,120
12-04-2024 15:30,410001L001,86
12-04-2024 15:45,410001L001,87
12-04-2024 16:00,410001L001,83
12-04-2024 16:15,410001L001,109
12-04-2024 16:30,410001L001,107
12-04-2024 16:45,410001L001,124
12-04-2024 17:00,410001L001,128
12-04-2024 17:15,410001L001,106
12-04-2024 17:30,410001L001,73
12-04-2024 17:45,410001L001,105
12-04-2024 18:00,410001L001,125
12-04-2024 18:15,410001L001,112
12-04-2024 18:30,410001L001,129
12-04-2024 18:45,410001L001,101
12-04-2024 19:00,410001L001,121
12-04-2024 19:15,410001L001,130
12-04-2024 19:30,410001L001,120
12-04-2024 19:45,410001L001,131
12-04-2024 20:00,410001L001,130
12-04-2024 20:15,410001L001,108
12-04-2024 20:30,410001L001,118
12-04-2024 20:45,410001L001,110
